Carrier,Type,Slugs - requires no connection,Slugs - requires connection
17 Post Service,global,17postservice,
2ebox,global,2ebox,
2GO,global,2go,
360 Lion Express,global,360lion,
3JMS Logistics,global,3jmslogistics,
4-72 Entregando,global,4-72,
4PX,global,4px,
绿色国际速递,global,6ls,
Best Express,global,800bestex,
A1Post,global,a1post,
A2B Express Logistics,global,a2b-ba,
AAA Cooper,global,aaa-cooper,
ABF Freight,global,abf,
KEX Express,global,abxexpress-my,
aCommerce,global,acommerce,
ACS Courier,global,acscourier,
ACS Worldwide Express,global,acsworldwide,
Adicional Logistics,global,adicional,
ADSOne,global,adsone,
A Duie Pyle,global,aduiepyle,
Mexico AeroFlash,global,aeroflash,
Aeronet,global,aeronet,
AEX Group,global,aex,
Agility,global,agility,
AIR21,global,air21,
Airpak Express,global,airpak-express,
Airspeed International Corporation,global,airspeed,
"ALLJOY SUPPLY CHAIN CO., LTD",global,alljoy,
alphaFAST,global,alphafast,
Always Express,global,always-express,
Amazon Shipping + Amazon MCF,global,amazon,
Amazon,global,amazon-email-push,
Swiship UK,global,amazon-fba-swiship,
Swiship DE,global,amazon-fba-swiship-de,
Swiship IN,global,amazon-fba-swiship-in,
Amazon order,global,amazon-order,
Amazon Shipping,global,amazon-uk-api,
AMS Group,global,amsegroup,
An Post,global,an-post,
Anicam Global,global,anicamboxexpress,
Anjun,global,anjun,
ANSERX,global,anserx,
Anteraja,global,anteraja,
AO Deutschland Ltd.,global,ao-deutschland,
APC Postal Logistics,global,apc,
APC Overnight,global,apc-overnight,
APC Overnight Consignment Number,global,apc-overnight-connum,
APG eCommerce Solutions Ltd.,global,apg,
Aquiline,global,aquiline,
Arco Spedizioni SP,global,arco-spedizioni,
ARK Logistics,global,ark-logistics,
Arrow XL,global,arrowxl,
ASE KARGO,global,ase,
Asendia,global,asendia-de,
Asendia APAC,global,asendia-hk,
Asendia UK,global,asendia-uk,
Asendia USA,global,asendia-usa,
ASIGNA,global,asigna,
ASM(GLS Spain),global,asm,
Au Express,global,auexpress,
Austrian Post (Express),global,austrian-post,
Austrian Post (Registered),global,austrian-post-registered,
Averitt Express,global,averitt,
B2C Europe,global,b2ceurope,
BDMnet,global,bdmnet,
北俄国际,global,be,
Belpost,global,belpost,
Bert Transport,global,bert-fr,
Best Way Parcel,global,bestwayparcel,
Better Trucks,global,bettertrucks,
Bulgarian Posts,global,bgpost,
JP BH Pošta,global,bh-posta,
BirdSystem,global,birdsystem,
Blink,global,blinklastmile,
Bluecare Express Ltd,global,bluecare,
Blue Star,global,bluestar,
Blue Express,global,bluex,
Bneed,global,bneed,
Bombino Express Pvt Ltd,global,bombinoexp,
Bond,global,bond,
Bonds Couriers,global,bondscouriers,
Border Express,global,borderexpress,
Boxberry,global,box-berry,
BoxC,global,boxc,
Bpost international,global,bpost-international,
Brazil Correios,global,brazil-correios,
Bring,global,bring,
Brouwer Transport en Logistiek B.V.,global,brouwer-transport,
BRT Bartolini(Parcel ID),global,brt-it-parcelid,
BRT Bartolini(Sender Reference),global,brt-it-sender-ref,
CAE Delivers,global,cae-delivers,
Cainiao,global,cainiao,
Cambodia Post,global,cambodia-post,
Canada Post,global,canada-post,
Canpar Courier,global,canpar,
Capital Transport,global,capital,
Carriers,global,carriers,
"Carry-Flap Co.,Ltd.",global,carry-flap,
CDEK,global,cdek,
CDEK TR,global,cdek-tr,
Cello Square,global,cello-square,
Česká Pošta,global,ceska-posta,
CFL Logistics,global,cfl-logistics,
CGS Express,global,cgs-express,
Champion Logistics,global,champion-logistics,
China EMS (ePacket),global,china-ems,
China Post,global,china-post,
Chit Chats,global,chitchats,
Choir Express Indonesia,global,choirexpress,
Chronopost Portugal(DPD),global,chronopost-portugal,
City-Link Express,global,citylinkexpress,
CJ GLS,global,cj-gls,
CJ Logistics International(Hong Kong),global,cj-hk-international,
CJ Korea Express,global,cj-korea-thai,
CJ Century (International),global,cj-malaysia-international,
CJ Transnational Philippines,global,cj-philippines,
CJ Logistics International,global,cjlogistics,
CJ Packet,global,cjpacket,
CL E-Logistics Solutions Limited,global,cle-logistics,
Clevy Links,global,clevy-links,
Cloudwish Asia,global,cloudwish-asia,
CN Logistics,global,cn-logistics,
ZYEX,global,cndexpress,
CNE Express,global,cnexps,
cnwangtong,global,cnwangtong,
Colis Privé,global,colis-prive,
Colissimo,global,colissimo,
CollectCo,global,collectco,
Collect+,global,collectplus,
MDS Collivery Pty (Ltd),global,collivery,
ComOne Express,global,com1express,
CometTech,global,comet-tech,
Con-way Freight,global,con-way,
Continental,global,continental,
Copa Airlines Courier,global,copa-courier,
Cope Sensitive Freight,global,cope,
Correo Uruguayo,global,correo-uy,
Correos de Mexico,global,correos-de-mexico,
Cosmetics Now,global,costmeticsnow,
Courant Plus,global,courant-plus,
Urbanfox,global,courex,
Courier Plus,global,courier-plus,
Courier IT,global,courierit,
CourierPost,global,courierpost,
Couriers Please,global,couriers-please,
cPacket,global,cpacket,
Captain Express International,global,cpex,
CRL Express,global,crlexpress,
Croshot,global,croshot,
CSE,global,cse,
CTC Express,global,ctc-express,
Cubyn,global,cubyn,
Cuckoo Express,global,cuckooexpress,
Cyprus Post,global,cyprus-post,
Daeshin,global,daeshin,
DAI Post,global,daiglobaltrack,
Daiichi Freight System Inc,global,daiichi,
Shanghai Aqrum Chemical Logistics Co.Ltd,global,dajin,
PostNord Denmark,global,danmark-post,
Danniao,global,danniao,
Danske Fragtmænd,global,danske-fragt,
Dawn Wing,global,dawnwing,
Day & Ross,global,dayross,
Dayton Freight,global,dayton-freight,
DB Schenker B2B,global,dbschenker-b2b,
DB Schenker,global,dbschenker-se,
DB Schenker Sweden,global,dbschenker-sv,
DD Express Courier,global,ddexpress,
DealerSend,global,dealer-send,
Deliver-iT,global,deliver-it,
deliverE,global,delivere,
DELIVERYONTIME LOGISTICS PVT LTD,global,deliveryontime,
Deliver Your Parcel,global,deliveryourparcel-za,
Delnext,global,delnext,
Deltec Courier,global,deltec-courier,
Innovel,global,descartes,
Deutsche Post Mail,global,deutsch-post,
DEX-I,global,dex-i,
DHL Active Tracing,global,dhl-active-tracing,
DHL Benelux,global,dhl-benelux,
DHL Freight,global,dhl-freight,
DHL Hong Kong,global,dhl-hk,
DHL Netherlands,global,dhl-nl,
DHL Express (Piece ID),global,dhl-pieceid,
DHL Poland Domestic,global,dhl-poland,
DHL Supply Chain APAC,global,dhl-supplychain-apac,
DHL Supply Chain Indonesia,global,dhl-supplychain-id,
DHL Parcel Spain,global,dhlparcel-es,
DHL Parcel NL,global,dhlparcel-nl,
DHL Parcel Russia,global,dhlparcel-ru,
DHL Parcel UK,global,dhlparcel-uk,
Diamond Eurogistics Limited,global,diamondcouriers,
GLS Logistic Systems Canada Ltd./Dicom,global,dicom,
DIDADI Logistics tech,global,didadi,
Dimerco Express Group,global,dimerco,
Direct Freight Express,global,directfreight-au,
Directlog,global,directlog,
Direx,global,direx,
DMF,global,dmfgroup,
DobroPost,global,dobropost,
Doora Logistics,global,doora,
DPD Germany,global,dpd-de,
DPD HK,global,dpd-hk,
DPD Ireland,global,dpd-ireland,
DPD Poland,global,dpd-poland,
DPD Romania,global,dpd-ro,
DPE Express,global,dpe-express,
DPE South Africa,global,dpe-za,
DPEX,global,dpex,
DTD Express,global,dtd,
DTDC India,global,dtdc,
DTDC Australia,global,dtdc-au,
DTDC Express Global PTE LTD,global,dtdc-express,
DX Freight,global,dx-freight,
"Daylight Transport, LLC",global,dylt,
Dynamic Logistics,global,dynamic-logistics,
Easy Mail,global,easy-mail,
Chukou1,global,ec-firstclass,
Ecargo,global,ecargo-asia,
ECexpress,global,ecexpress,
Echo,global,echo,
"ECMS International Logistics Co., Ltd.",global,ecms,
Ecom Express,global,ecom-express,
ECOSCOOTING,global,ecoscooting,
eCoutier,global,ecoutier,
EFS (E-commerce Fulfillment Service),global,efs,
Ekart,global,ekart,
Yilian (Elian) Supply Chain,global,elian-post,
ELTA Hellenic Post,global,elta-courier,
Emirates Post,global,emirates-post,
EMPS Express,global,empsexpress,
Endeavour Delivery,global,endeavour-delivery,
Envialia,global,envialia,
Envialia Reference,global,envialia-reference,
eParcel Korea,global,eparcel-kr,
ePost Global,global,epostglobal,
Equick China,global,equick-cn,
Top Ideal Express,global,esdex,
Eshipping,global,eshipping,
Estes,global,estes,
Etomars,global,etomars,
eTotal Solution Limited,global,etotal,
RETS express,global,ets-express,
EU Fleet Solutions,global,eu-fleet-solutions,
Eurodis,global,eurodis,
EWE Global Express,global,ewe,
DPD France (formerly exapaq),global,exapaq,
Expeditors,global,expeditors,
Expresssale,global,expresssale,
FAR international,global,far-international,
FarGood,global,fargood,
Fastbox,global,fastbox,
Fastrak Services,global,fastrak-th,
Fasttrack,global,fasttrack,
Fastway Ireland,global,fastway-ireland,
Fastway New Zealand,global,fastway-nz,
Fastway South Africa,global,fastway-za,
FDSEXPRESS,global,fdsexpress,
FedEx® Cross Border,global,fedex-crossborder,
FedEx International MailService®,global,fedex-fims,
FedEx® Freight,global,fedex-freight,
FedEx® UK,global,fedex-uk,
FERCAM Logistics & Transport,global,fercam,
Fiege Logistics,global,fiege,
Fiege Netherlands,global,fiege-nl,
First Flight Couriers,global,first-flight,
FirstMile,global,firstmile,
Flyt Express,global,flytexpress,
FMX,global,fmx,
Fast & Furious,global,fnf-za,
Fonsen Logistics,global,fonsen,
forrun Pvt Ltd (Arpatech Venture),global,forrun,
Forward Air,global,forwardair,
Freightquote by C.H. Robinson,global,freightquote,
Frete Rápido,global,freterapido,
Fulfilla,global,fulfilla,
Fulfillmen,global,fulfillmen,
Furdeco,global,furdeco,
GANGBAO Supplychain,global,gangbao,
GBA Services Ltd,global,gba,
GBS-Broker,global,gbs-broker,
GDEX,global,gdex,
Geis CZ,global,geis,
Gel Express Logistik,global,gel-express,
GEM Worldwide,global,gemworldwide,
GEODIS - Distribution & Express,global,geodis-calberson-fr,
GESWL Express,global,geswl,
Giao hàng nhanh,global,ghn,
Tai Wan Global Business,global,global-express,
GlobalTranz,global,globaltranz,
Globavend,global,globavend,
Globegistics Inc.,global,globegistics,
GLS,global,gls,
GLS Croatia,global,gls-croatia,
GLS Czech Republic,global,gls-cz,
GLS General Logistics Systems Slovakia s.r.o.,global,gls-slovakia,
GLS Slovenia,global,gls-slovenia,
Dependable Supply Chain Services,global,godependable,
Global Post,global,goglobalpost,
GoJavas,global,gojavas,
Go Rush,global,gorush,
Greyhound,global,greyhound,
Grupo ampm,global,grupoampm,
GSI EXPRESS,global,gsi-express,
HanJin,global,hanjin,
HCT LOGISTICS CO.LTD.,global,hct-logistics,
Haidaibao,global,hdb,
Haidaibao (BOX),global,hdb-box,
Hellenic (Greece) Post,global,hellenic-post,
"Hellmann Worldwide Logistics, Inc",global,hellmann,
Heppner Internationale Spedition GmbH & Co.,global,heppner,
Heppner France,global,heppner-fr,
Hermesworld,global,hermes,
Hermes Einrichtungs Service GmbH & Co. KG,global,hermes-2mann-handling,
HR Parcel,global,hermes-it,
Hero Express,global,heroexpress,
HFD,global,hfd,
Hua Han Logistics,global,hh-exp,
Hipshipper,global,hipshipper,
HKD International Logistics,global,hkd,
Holisol,global,holisol,
Home Delivery Solutions Ltd,global,home-delivery-solutions,
Hong Kong Post,global,hong-kong-post,
"SHENZHEN HOTSIN CARGO INT'L FORWARDING CO.,LTD",global,hotsin-cargo,
Hound Express,global,houndexpress,
HR Parcel,global,hrparcel,
Hrvatska Pošta,global,hrvatska-posta,
HSDEXPRESS,global,hsdexpress,
HuanTong,global,huantong,
Huodull,global,huodull,
HX Express,global,hx-express,
i-dika,global,i-dika,
i-parcel,global,i-parcel,
Beone Logistics,global,ibeone,
IDEX,global,idexpress,
iDexpress Indonesia,global,idexpress-id,
IML,global,iml,
IMX Mail,global,imxmail,
India Post Domestic,global,india-post,
India Post International,global,india-post-int,
INDOPAKET,global,indopaket,
InPost Paczkomaty,global,inpost-paczkomaty,
InPost,global,inpost-uk,
Intel-Valley Supply chain (ShenZhen) Co. Ltd,global,intel-valley,
Intelipost (TMS for LATAM),global,intelipost,
DPD Local,global,interlink-express,
DPD Local reference,global,interlink-express-reference,
Interparcel Australia,global,interparcel-au,
Interparcel New Zealand,global,interparcel-nz,
Interparcel UK,global,interparcel-uk,
INTEX Paketdienst GmbH,global,intex-de,
Internet Express,global,intexpress,
Israel Post,global,israel-post,
Israel Post Domestic,global,israel-post-domestic,
Italy SDA,global,italy-sda,
J-Net,global,j-net,
Jam Express,global,jam-express,
Janco Ecommerce,global,janco,
Janio Asia,global,janio,
Japan Post,global,japan-post,
Jayon Express (JEX),global,jayonexpress,
JCEX,global,jcex,
JD Worldwide,global,jd-worldwide,
Jersey Post,global,jersey-post,
Jet-Ship Worldwide,global,jet-ship,
金斗云物流,global,jindouyun,
JINSUNG TRADING,global,jinsung,
Jocom,global,jocom,
Joom Logistics,global,joom-logistics,
Joying Box,global,joyingbox,
JS EXPRESS,global,js-express,
J&T CARGO,global,jtcargo,
J&T EXPRESS MALAYSIA,global,jtexpress,
J&T Express Vietnam,global,jtexpress-vn,
JX,global,jx,
K1 Express,global,k1-express,
Kangaroo Worldwide Express,global,kangaroo-my,
KargomKolay (CargoMini),global,kargomkolay,
Kyungdong Parcel,global,kdexp,
KEC,global,kec,
KedaEX,global,kedaex,
Kerry eCommerce,global,kerry-ecommerce,
Kerry Express Thailand,global,kerry-logistics,
Kerry TJ Logistics,global,kerrytj,
Kerry Express (Vietnam) Co Ltd,global,kerryttc-vn,
KGM Hub,global,kgmhub,
Keuhne + Nagel Global,global,kng,
Komon Express,global,komon-express,
Korea Post EMS,global,korea-post,
Korea Post,global,kpost,
KURASI,global,kurasi,
KWE Global,global,kwe-global,
"Shenzhen Jinghuada Logistics Co., Ltd",global,kwt,
Kua Yue Express,global,ky-express,
La Poste,global,la-poste-colissimo,
Lao Post,global,lao-post,
Latvijas Pasts,global,latvijas-pasts,
Leader,global,leader,
Legion Express,global,legion-express,
LexShip,global,lexship,
LHT Express,global,lht-express,
LICCARDI EXPRESS COURIER,global,liccardi-express,
liefery,global,liefery,
Lietuvos Paštas,global,lietuvos-pastas,
Line Clear Express & Logistics Sdn Bhd,global,line,
Lion Parcel,global,lion-parcel,
Logisters,global,logisters,
Logwin Logistics,global,logwin-logistics,
Lone Star Overnight,global,lonestar,
Loomis Express,global,loomis-express,
Lotte Global Logistics,global,lotte,
JiaYou Express,global,ltianexp,
LTL,global,ltl,
Logistic Worldwide Express,global,lwe-hk,
M Xpress Sdn Bhd,global,m-xpress,
M3 Logistics,global,m3logistics,
MailAmericas,global,mailamericas,
MailPlus,global,mailplus,
MailPlus (Japan),global,mailplus-jp,
Mainfreight,global,mainfreight,
Mainway,global,mainway,
Malaysia Post EMS / Pos Laju,global,malaysia-post,
Malaysia Post - Registered,global,malaysia-post-posdaftar,
Matdespatch,global,matdespatch,
Matkahuolto,global,matkahuolto,
MBW Courier Inc.,global,mbw,
Meest,global,meest,
Mexico Redpack,global,mexico-redpack,
Mexico Senda Express,global,mexico-senda-express,
PT MGLOBAL LOGISTICS INDONESIA,global,mglobal,
Mhi,global,mhi,
Mikropakket,global,mikropakket,
Mikropakket Belgium,global,mikropakket-be,
Milkman,global,milkman,
MISUMI Group Inc.,global,misumi-cn,
Mobi Logistica,global,mobi-br,
Mondial Relay,global,mondialrelay,
Morelink,global,morelink,
Morning Express,global,morning-express,
M&X cargo,global,mx-cargo,
My DynaLogic,global,mydynalogic,
NACEX,global,nacex,
NACEX Spain,global,nacex-spain,
NACEX Spain,global,nacex-spain-reference,
Nanjing Woyuan,global,nanjingwoyuan,
National Sameday,global,national-sameday,
Nationwide Express,global,nationwide-my,
NZ Post,global,new-zealand-post,
Newegg Express,global,neweggexpress,
Newgistics,global,newgistics,
Newgistics API,global,newgisticsapi,
New Zealand Couriers,global,newzealand-couriers,
Nhans Solutions,global,nhans-solutions,
Nightline,global,nightline,
Nim Express,global,nim-express,
NimbusPost,global,nimbuspost,
Ninja Van Indonesia,global,ninjavan-id,
Ninja Van Malaysia,global,ninjavan-my,
Ninja Van Thailand,global,ninjavan-thai,
NiPost,global,nipost,
"N&M Transfer Co., Inc.",global,nmtransfer,
Norsk Global,global,norsk-global,
Nova Poshta (International),global,nova-poshtaint,
NOX NightTimeExpress,global,nox-night-time-express,
Nhat Tin Logistics,global,ntlogistics-vn,
"NYT SUPPLY CHAIN LOGISTICS Co.,LTD",global,nytlogistics,
OCA Argentina,global,oca-ar,
OCS ANA Group,global,ocs,
OCS WORLDWIDE,global,ocs-worldwide,
OkayParcel,global,okayparcel,
Old Dominion Freight Line,global,old-dominion,
Omni Parcel,global,omniparcel,
One click delivery services,global,oneclick,
One World Express,global,oneworldexpress,
FedEx® Poland Domestic,global,opek,
Overseas Express,global,overseas-hr,
PACKFLEET,global,packfleet,
Packlink,global,packlink,
平安达腾飞快递,global,padtf,
PAL Express Limited,global,palexpress,
The Pallet Network,global,pallet-network,
Palletways,global,palletways,
Pan-Asia International,global,pan-asia,
Pandu Logistics,global,pandulogistics,
Panther,global,panther,
Paper Express,global,paper-express,
Paquetexpress,global,paquetexpress,
Parcel Force,global,parcel-force,
Parcel2Go,global,parcel2go,
Parcelink Logistics,global,parcelinklogistics,
Parcelled.in,global,parcelled-in,
PARCEL ONE,global,parcelone,
ParcelPoint Pty Ltd,global,parcelpoint,
Parcel Right,global,parcelright,
Parcel To Post,global,parceltopost,
CIRRO E-Commerce,global,parcll,
Park N Parcel,global,parknparcel,
PFC Express,global,pfcexpress,
Pickrr,global,pickrr,
Pickupp,global,pickup,
PICK UPP,global,pickupp-mys,
PICK UPP (Singapore),global,pickupp-sgp,
Pidge,global,pidge,
"PIL Logistics (China) Co., Ltd",global,pil-logistics,
Pilot Freight (Maersk),global,pilot-freight,
Pitney Bowes,global,pitney-bowes,
PITT OHIO,global,pittohio,
Planzer Group,global,planzer,
Poczta Polska,global,poczta-polska,
Pony express,global,pony-express,
Portugal CTT,global,portugal-ctt,
Portugal Seur,global,portugal-seur,
Pos Indonesia Domestic,global,pos-indonesia,
Post Serbia,global,post-serbia,
Post of Slovenia,global,post-slovenia,
Post56,global,post56,
Poșta Română,global,posta-romana,
Poste Italiane,global,poste-italiane,
Poste Italiane Paccocelere,global,poste-italiane-paccocelere,
Posten Norge / Bring,global,posten-norge,
PostNL Domestic,global,postnl,
PostNL International 3S,global,postnl-3s,
PostNL International,global,postnl-international,
PostNord Logistics,global,postnord,
Post ONE,global,postone,
PostPlus,global,postplus,
Iceland Post,global,postur-is,
PayPal Package,global,ppbyb,
Pressio,global,pressiode,
Professional Couriers,global,professional-couriers,
"ProMed Delivery, Inc.",global,promeddelivery,
PTS,global,pts,
PTT Posta,global,ptt-posta,
Quantium,global,quantium,
Qwintry Logistics,global,qwintry,
TracX Logis,global,qxpress,
RAF Philippines,global,raf,
RaidereX,global,raiderex,
RAM,global,ramgroup-za,
Redur Spain,global,redur-es,
Rhenus Logistics,global,rhenus-group,
Rincos,global,rincos,
RL Carriers,global,rl-carriers,
Roadrunner Transport Service,global,roadrunner-freight,
Rocket Parcel International,global,rocketparcel,
RoyalShipments,global,royalshipments,
RPD2man Deliveries,global,rpd2man,
RPX Logistics,global,rpxlogistics,
RPX Online,global,rpxonline,
Russian Post,global,russian-post,
Ruston,global,ruston,
RZY Express,global,rzyexpress,
Safexpress,global,safexpress,
Saia LTL Freight,global,saia-freight,
SAILPOST SPA,global,sailpost,
SAP EXPRESS,global,sap-express,
South African Post Office,global,sapo,
Saudi Post,global,saudi-post,
Sber Logistics,global,sberlogistics-ru,
闪电猴,global,sdh-scm,
Southeastern Freight Lines,global,sefl,
"Sending Transporte Urgente y Comunicacion, S.A.U",global,sending,
Sendit,global,sendit,
Sendle,global,sendle,
Setel Express,global,setel,
SF Express China,global,sf-express-cn,
SF International,global,sfb2c,
SFC,global,sfc,
SFC-SendfromChina,global,sfcservice,
Shadowfax,global,shadowfax,
Ship It Asia,global,ship-it-asia,
ShipEntegra,global,shipentegra,
ShipGate,global,shipgate,
Shippit,global,shippit,
Shiprocket X,global,shiprocket,
SHIPTER,global,shipter,
Westgate Global,global,shipwestgate,
ShopfansRU LLC,global,shopfans,
Olive,global,shopolive,
SENHONG INTERNATIONAL LOGISTICS,global,showl,
Shree Maruti Integrated Logistics Limited,global,shree-maruti,
Shree Anjani Courier,global,shreeanjanicourier,
SHREE NANDAN COURIER,global,shreenandancourier,
SHREE TIRUPATI COURIER SERVICES PVT. LTD.,global,shreetirupati,
Shypmax,global,shyplite,
J&T Express Singapore,global,simplypost,
Singapore Post,global,singapore-post,
Singapore Speedpost,global,singapore-speedpost,
Sin Global Express,global,singlobal-express,
Sinotrans,global,sinotrans,
Siodemka,global,siodemka,
"Slovenská pošta, a.s.",global,sk-posta,
SkyPostal,global,sky-postal,
SKYBOX,global,skybox,
SkyNet Malaysia,global,skynet,
Skynet World Wide Express South Africa,global,skynet-za,
SkyNet Worldwide Express,global,skynetworldwide,
SkyNet Worldwide Express UAE,global,skynetworldwide-uae,
Skynet Worldwide Express UK,global,skynetworldwide-uk,
SMARTCAT,global,smartcat,
Smooth Couriers,global,smooth,
Correos de España,global,spain-correos-es,
Specialised Freight,global,specialisedfreight-za,
Speed Couriers,global,speedcouriers-gr,
Spee-Dee Delivery,global,speedee,
SPEEDEX,global,speedex,
SPOTON Logistics Pvt Ltd,global,spoton,
Spring GDS,global,spring-gds,
SPRINT PACK,global,sprint-pack,
Shopee Express,global,spx,
Shopee Express (Thailand),global,spx-th,
SRE Korea,global,srekorea,
SRT Transport,global,srt-transport,
Stallion Express,global,stallionexpress,
Star Track Courier,global,star-track-courier,
Star Track Express,global,star-track-express,
STARKEN,global,starken,
Stat Overnight,global,statovernight,
STEP FORWARD FREIGHT SERVICE CO LTD,global,stepforwardfs,
STO Express,global,sto,
STONE3PL,global,stone3pl,
Sutton Transport,global,sutton,
PostNord Sweden,global,sweden-posten,
Swiship,global,swiship,
Sunyou Post,global,sypost,
DPEX China,global,szdpex,
SZENDEX,global,szendex,
Taiwan Post,global,taiwan-post,
TAQBIN Hong Kong,global,taqbin-hk,
Yamato Japan,global,taqbin-jp,
PRESIDENT TRANSNET CORP,global,taqbin-taiwan,
TONDA GLOBAL,global,tarrive,
Geniki Taxydromiki,global,taxydromiki,
Tazmanian Freight Systems,global,tazmanian-freight,
TCK Express,global,tck-express,
Testing Courier,global,testing-courier,
TFM Xpress,global,tfm,
TForce Final Mile,global,tforce-finalmile,
Kerry Express Hong Kong,global,tgx,
Thabit Logistics,global,thabit-logistics,
Thailand Thai Post,global,thailand-post,
TP Logistic,global,thaiparcels,
The Courier Guy,global,thecourierguy,
TDG – The Delivery Group,global,thedeliverygroup,
TIG Freight,global,tigfreight,
Tiki,global,tiki,
TNT,global,tnt,
TNT Australia,global,tnt-au,
TNT-Click Italy,global,tnt-click,
TNT France,global,tnt-fr,
TNT Italy,global,tnt-it,
TNT Reference,global,tnt-reference,
TNT UK,global,tnt-uk,
TNT UK Reference,global,tnt-uk-reference,
Toll IPEC,global,toll-ipec,
Team Global Express,global,toll-nz,
Team Global Express,global,toll-priority,
Tolos,global,tolos,
Tophatter Express,global,tophatterexpress,
TopYou,global,topyou,
CTT Express,global,tourline,
Trackon Couriers Pvt. Ltd,global,trackon,
P2P TrakPak,global,trakpak,
Trans Kargo Internasional,global,trans-kargo,
Trans2u,global,trans2u,
TransMission,global,transmission-nl,
TRUMPCARD LLC,global,trumpcard,
Tuffnells Parcels Express,global,tuffnells,
Tuffnells Parcels Express- Reference,global,tuffnells-reference,
UBI Smart Parcel,global,ubi-logistics,
ucexpress,global,uc56,
United Delivery Service,global,uds,
UK Mail,global,uk-mail,
UkrPoshta,global,ukrposhta,
UPS Freight,global,ups-freight,
UPS Mail Innovations,global,ups-mi,
UPS Reference,global,ups-reference,
USF Reddaway,global,usf-reddaway,
uShip,global,uship,
Venipak,global,venipak,
ViaEurope,global,viaeurope,
ViettelPost,global,viettelpost,
VIWO IoT,global,viwo,
VicTas Freight Express,global,vtfe,
Wahana,global,wahana,
WanbExpress,global,wanbexpress,
Weaship,global,weaship,
WeDo Logistics,global,wedo,
WePost Sdn Bhd,global,wepost,
We World Express,global,weworldexpress,
Whistl,global,whistl,
WINIT,global,winit,
Wise Express,global,wise-express,
Wiseloads,global,wiseloads,
WishPost,global,wishpost,
Wizmo,global,wizmo,
wnDirect,global,wndirect,
Worldnet Logistics,global,worldnet,
XDP Express,global,xdp-uk,
XDP Express Reference,global,xdp-uk-reference,
XL Express,global,xl-express,
Xpert Delivery,global,xpert-delivery,
XPO,global,xpo-logistics,
GoGo Xpress,global,xpost,
XpressBees,global,xpressbees,
Xpressen,global,xpressen-dk,
Xingyunyi Logistics,global,xyy,
Yakit,global,yakit,
Yanwen,global,yanwen,
"Shenzhen 1st International Logistics(Group)Co,Ltd",global,ydex,
YDH express,global,ydh-express,
YiFan Express,global,yifan,
英诺供应链,global,yingnuo-logistics,
Yodel International,global,yodel-international,
Yodel Direct,global,yodeldirect,
YRC,global,yrc,
YTO Express,global,yto,
Yunda Express,global,yundaex,
YunExpress,global,yunexpress,
Yurtici Kargo,global,yurtici-kargo,
HUAHANG EXPRESS,global,yycom,
YYEXPRESS,global,yyexpress,
Zajil Express Company,global,zajil-express,
Zeleris,global,zeleris,
Eshun international Logistic,global,zes-express,
Ziing,global,ziingfinalmile,
Zinc,global,zinc,
ZJS International,global,zjs-express,
ZTO Express China,global,zto-domestic,
ZTO Express Global,global,zto-express,
DMSMatrix,global,dms-matrix,
Go People,global,gopeople,
HUBBED,global,hubbed,
Panther Order Number,global,panther-order-number,
Sims Global,global,simsglobal,
Transport Ambientales,global,tanet,
Georgian Post,global,gpost,
GO Logistics & Storage,global,gols,
Luwjistik,global,luwjistik,
U-ENVIOS,global,u-envios,
BUFFALO,global,buffalo,
ACI Logistix,global,acilogistix,
Morning Global,global,morninglobal,
FRONTdoor Collective,global,frontdoorcorp,
TransVirtual,global,transvirtual,
Quiet Platforms,global,airterra,
Burd Delivery Aps,global,burd,
Pandion,global,pandion,
TYP,global,typ,
ICS COURIER,global,icscourier,
ShunBang Express,global,shunbang-express,
ViaXpress,global,viaxpress,
XGS,global,xgs,
uParcel,global,uparcel,
Tomydoor,global,tomydoor,
FlipXpress,global,flipxp,
Northline,global,northline,
Crossflight Limited,global,crossflight,
Ozeparts Shipping,global,ozeparts-shipping,
QTrack,global,qtrack,
Fast Despatch Logistics Limited,global,fastdespatch,
Fastship Express,global,fastship,
Optima Courier,global,optimacourier,
FUJIE EXPRESS,global,fujexp,
iThink Logistics,global,ithinklogistics,
Cago,global,cago,
Eco Freight,global,ecofreight,
Tusk Logistics,global,tusklogistics,
EMS,global,ems,
DeliverDirect,global,smartkargo,
Servientrega,global,servientrega,
Trusk France,global,trusk,
INTERSMARTTRANS & SOLUTIONS SL,global,intersmarttrans,
J&T Express Philippines,global,jtexpress-ph,
Movianto,global,movianto,
Thunder Express Australia,global,thunderexpress,
Flight Logistics Group,global,flightlg,
SHIPXPRESS,global,shipxpres,
ADS Express,global,ads,
Big Smart,global,bigsmart,
Med Africa Logistics,global,medafrica,
Packeta,global,packeta,
Pakajo World,global,pakajo,
Sppedaf Express,global,speedaf,
Cacesa,global,cacesa,
Asyad Express,global,asyadexpress,
EasyRoutes,global,easyroutes,
EXPRESSONE,global,expressone,
GC Express,global,gcx,
ZYEX,global,zyou,
TDN,global,tdn,
Early Bird,global,earlybird,
Swiship JP,global,swiship-jp,
Bringer Parcel Services,global,bringer,
SpeedX,global,speedx,
SkyExpress Internationals,global,skyexpressinternational,
Swiss Universal Express,global,swiss-universal-express,
American West,global,awest,
Ninjavan Vietnam,global,ninjavan-vn,
Castle Parcels,global,castleparcels,
Spedisci.online,global,spedisci,
DIR,global,dirmensajeria,
AICS,global,arihantcourier,
SkyExpress Internationals,global,skyexpress-international,
Super Pac Line,global,superpackline,
DOMINO,global,domino,
GLS USA,global,gls-us,
Paikeda,global,paikeda,
LogoiX,global,logoix,
ups-checker,global,ups-checker,
RPM,global,rpm,
EXPRESSONE,global,expressone-sv,
Urb-it,global,urb-it,
GoBolt,global,gobolt,
hepsiJET,global,hepsijet,
Grand Slam Express,global,grandslamexpress,
LIEFERGRUN,global,liefergrun,
SG LINK,global,sglink,
Packaly,global,packaly,
Pack-Man,global,pack-man,
eShipper,global,eshipper,
Multientrega,global,multientregapanama,
Welivery,global,welivery,
准时达跨境,global,jusdasr,
GLS Romania,global,gls-romania,
Urbify,global,urbify,
eTower,global,etower,
GTA GSM,global,gtagsm,
Yunant,global,yunant,
Sky King,global,skyking,
Maergo,global,maergo,
Transpak Inc.,global,transpak,
Aoyue,global,aoyue,
shopline,global,shopline,
Easyparcel,global,easyparcel,
Team Express Service LLC,global,teamexpressllc,
Kinisi Transport Pty Ltd,global,kinisi,
Navlungo,global,navlungo,
LM Parcel,global,lmparcel,
Sendy Express,global,sendy,
eMEGA,global,emega,
Jawar,global,jawar,
FleetOptics,global,fleetopticsinc,
ShipGlobal,global,shipglobal-us,
Southwestern Motor Transport. Inc,global,smtl,
ATA,global,ata,
Madrooex,global,madrooex,
Yunhuipost,global,yunhuipost,
Oakh Harbour Freight Lines,global,oakh,
Zoom,global,zoom-red,
PIGGYSHIP,global,piggyship,
DPD Portugal,global,dpd-prt,
Barsan Global Lojistik,global,barsan,
Asendia Global,global,asendia,
OTS,global,otschile,
Leman,global,leman,
xmszm,global,xmszm,
YouParcel,global,youparcel,
Xindus,global,xindus,
Moovin,global,moovin,
swe,global,swe,
Discount Post,global,discountpost,
IOR Direct Solutions,global,iordirect,
Associated Couriers,global,associated-couriers,
GPS,global,gps,
Intelcom,global,intelcom-ca,
Energo Logistic,global,energologistic,
Obibox,global,obibox,
Netlogix,global,netlogixgroup,
Allegro,global,allegro,
Relay,global,relay,
Parceljet,global,parceljet,
Weee,global,weee,
GLS US Freight,global,gls-us-freight,
Rich Mom,global,richmom,
Rodonaves,global,rodonaves,
Etonas,global,etonas,
Tforce-freight,global,tforce-freight,
XPO Logistics,global,xpo-es,
Fin Mile,global,finmile,
Fourkites,global,fourkites,
Inpost Italy,global,inpost-it,
Jersey Post Group,global,jerseypost-atlas,
Fedex,global,fedex-china,
Coretrails,global,coretrails,
ShipBob,global,shipbob,
ecParcel,global,ecparcel,
Rhenus Logistics,global,rhenus-italy,
Corriere Franco,global,franco,
Jadlog,global,jadlog,
GOFO Express,global,gofo-express,
Floship,global,floship,
Seino Super Express,global,seino-super-express,
Yanwen Express,global,yanwen-express,
CN Express,global,cn-express,
Sendparcel,global,sendparcel,
METRO SUPPLY CHAIN,global,metroscg,
p2p,global,p2p,
3PE Express,global,3pe-express,
Land Logistics,global,land-logistics,
VDtrack,global,vdtrack,
Medline,global,medline,
TOPTRANS,global,toptrans,
Sino SCM,global,sino-scm,
CIRRO Track ,global,cirrotrack,
SFYD Express,global,sfydexpress,
SwiftX,global,swiftx,
Rivo,nice_to_connect,air-canada-global,air-canada
Allied Express,nice_to_connect,alliedexpress,allied-express-ftp
Grupo logistico Andreani,nice_to_connect,andreani,andreani-api
AO Logistics,nice_to_connect,ao-courier,ao-courier-webhook
Aramex,nice_to_connect,aramex,aramex-api
ATS Healthcare,nice_to_connect,atshealthcare,atshealthcare-reference
Australia Post,nice_to_connect,australia-post,australia-post-api
"BJS Distribution, Storage & Couriers",nice_to_connect,bjshomedelivery,bjshomedelivery-ftp
Bluedart,nice_to_connect,bluedart,bluedart-api
Bollore Logistics,nice_to_connect,bollore-logistics,bollore-logistics-sftp
Bpost,nice_to_connect,bpost,bpost-api
BRT Bartolini,nice_to_connect,brt-it,brt-it-api
CBL Logistica,nice_to_connect,cbl-logistica,cbl-logistica-api
"Celeritas Transporte, S.L",nice_to_connect,celeritas,celeritas-ftp
CEVA LOGISTICS,nice_to_connect,ceva,ceva-webhook
Chronopost France,nice_to_connect,chronopost-france,chronopost-france-webhook
Coordinadora,nice_to_connect,coordinadora,coordinadora-api
Correos Express,nice_to_connect,correosexpress,correosexpress-api
DACHSER,nice_to_connect,dachser,dachser-web
Delhivery,nice_to_connect,delhivery,delhivery-webhook
Destiny Transportation,nice_to_connect,destiny,"destiny-ftp,destiny-webhook"
Detrack,nice_to_connect,detrack,detrack-webhook
DHL Express,nice_to_connect,dhl,"dhl-api,dhl-sftp"
DHL Spain Domestic,nice_to_connect,dhl-es,dhl-es-sftp
Deutsche Post DHL,nice_to_connect,dhl-germany,dhl-germany-api
DHL eCommerce,nice_to_connect,dhl-global-mail,dhl-global-mail-api
DHL eCommerce Asia,nice_to_connect,dhl-global-mail-asia,dhl-global-mail-asia-api
DHL Supply Chain Australia,nice_to_connect,dhl-supply-chain-au,dhl-supply-chain-au-sftp
Dialogo Logistica,nice_to_connect,dialogo-logistica,dialogo-logistica-api
Direct Couriers,nice_to_connect,directcouriers,directcouriers-ftp
DPD,nice_to_connect,dpd,dpd-api
DPD Hungary,nice_to_connect,dpd-hungary,"dpd-hungary-ftp,dpd-hungary-web"
DPD Russia,nice_to_connect,dpd-ru,dpd-ru-api
DPD UK,nice_to_connect,dpd-uk,dpd-uk-sftp
DSV,nice_to_connect,dsv,dsv-api
DX,nice_to_connect,dx,dx-sftp
Estafeta,nice_to_connect,estafeta,estafeta-api
Aramex Australia,nice_to_connect,fastway-au,fastway-au-api
FedEx®,nice_to_connect,fedex,fedex-api
Flash Express,nice_to_connect,flashexpress,flashexpress-webhook
Gati-KWE,nice_to_connect,gati-kwe,gati-kwe-api
Go Express and logistics,nice_to_connect,general-overnight,general-overnight-ftp
GIO Express Inc,nice_to_connect,gio-ecourier,gio-ecourier-api
GLS Italy,nice_to_connect,gls-italy,gls-italy-ftp
GLS Netherlands,nice_to_connect,gls-netherlands,"gls-netherlands-api,gls-netherlands-webhook,gls-netherlands-sftp"
GLS USA,nice_to_connect,gso,gso-api
Helthjem,nice_to_connect,helthjem,helthjem-api
Hermes Germany,nice_to_connect,hermes-de,hermes-de-ftp
Hunter Express,nice_to_connect,hunter-express,hunter-express-sftp
iCumulus,nice_to_connect,icumulus,icumulus-webhook
International Seur,nice_to_connect,international-seur,international-seur-api
JNE,nice_to_connect,jne,jne-api
Kuehne + Nagel,nice_to_connect,kn,kn-api
Kronos Express,nice_to_connect,kronos,kronos-webhook
Lalamove,nice_to_connect,lalamove,lalamove-api
Landmark Global,nice_to_connect,landmark-global,landmark-global-ftp
LaserShip,nice_to_connect,lasership,lasership-api
Malca-Amit,nice_to_connect,malca-amit,malca-amit-api
MRW,nice_to_connect,mrw-spain,mrw-spain-ftp
EVRi,nice_to_connect,myhermes-uk,myhermes-uk-api
Nationex,nice_to_connect,nationex,nationex-ftp
Ninja Van Singapore,nice_to_connect,ninjavan,ninjavan-webhook
Nippon Express,nice_to_connect,nippon-express,nippon-express-ftp
Nova Poshta,nice_to_connect,nova-poshta,nova-poshta-api
Innight Express Germany GmbH (nox NachtExpress),nice_to_connect,nox-nachtexpress,nox-nachtexpress-ftp
Omniva,nice_to_connect,omniva,omniva-api
OnTrac,nice_to_connect,ontrac,ontrac-api
Orange Connex,nice_to_connect,orangeconnex,orangeconnex-ftp
OrangeDS (Orange Distribution Solutions Inc),nice_to_connect,orangedsinc,orangedsinc-ftp
OSM Worldwide,nice_to_connect,osm-worldwide,osm-worldwide-sftp
Panther Reference,nice_to_connect,panther-reference,panther-reference-api
PFL,nice_to_connect,pflogistics,pflogistics-ftp
Posta Plus,nice_to_connect,postaplus,postaplus-webhook
Posti,nice_to_connect,posti,posti-api
Purolator,nice_to_connect,purolator,purolator-api
Raben Group,nice_to_connect,raben-group,raben-group-sftp
Royal Mail,nice_to_connect,royal-mail,"royal-mail-ftp,royal-mail-webhook"
Sagawa,nice_to_connect,sagawa,sagawa-api
Seino,nice_to_connect,seino,seino-api
SEKO Logistics,nice_to_connect,sekologistics,seko-sftp
SF Express,nice_to_connect,sf-express,sf-express-api
ShipX,nice_to_connect,shipx,shipx-api
SMSA Express,nice_to_connect,smsa-express,smsa-express-webhook
Spanish Seur,nice_to_connect,spanish-seur,"spanish-seur-api,spanish-seur-ftp"
StarTrack,nice_to_connect,star-track,star-track-webhook
Swiss Post,nice_to_connect,swiss-post,swiss-post-ftp
Yamato Singapore,nice_to_connect,taqbin-sg,taqbin-sg-api
TCS,nice_to_connect,tcs,tcs-api
TIPSA,nice_to_connect,tipsa,tipsa-api
Total Express,nice_to_connect,total-express,total-express-api
UPS,nice_to_connect,ups,ups-api
USPS,nice_to_connect,usps,usps-api
VIR Transport,nice_to_connect,virtransport,virtransport-sftp
Vietnam Post,nice_to_connect,vnpost,vnpost-api
Yodel Domestic,nice_to_connect,yodel,yodel-api
Yusen Logistics,nice_to_connect,yusen,yusen-sftp
CDL Last Mile,nice_to_connect,cdldelivers,cdldelivers-api
DPD Netherlands,nice_to_connect,dpd-nl,dpd-nl-api
GDPharm Logistics,nice_to_connect,gdpharm,gdpharm-webhook
GLS Spain,nice_to_connect,gls-spain,gls-spain-api
Loggi,nice_to_connect,loggi,loggi-api
Packs,nice_to_connect,packs,packs-api
Payo,nice_to_connect,payo,payo-webhook
Professional Parcel Logistics,nice_to_connect,ppl,ppl-api
Quiqup,nice_to_connect,quiqup,quiqup-webhook
Relais Colis,nice_to_connect,relaiscolis,relaiscolis-api
Sherpa,nice_to_connect,sherpa,sherpa-webhook
Agediss,nice_to_connect,agediss,agediss-sftp
Czech Post,nice_to_connect,ceskaposta,ceskaposta-api
Metropolitan Warehouse & Delivery,nice_to_connect,mwd,mwd-api
Rhenus Logistics UK,nice_to_connect,rhenus-uk,rhenus-uk-api
Spreetail,nice_to_connect,spreetail,spreetail-api
Trunkrs,nice_to_connect,trunkrs,trunkrs-webhook
WeShip,nice_to_connect,weship,weship-api
Wineshipping,nice_to_connect,wineshipping,wineshipping-webhook
DHL Global Forwarding eCommerce,nice_to_connect,dhl-ecommerce-gc,dhl-ecommerce-gc-api
DPD Austria,nice_to_connect,dpd-at,dpd-at-sftp
iMile,nice_to_connect,imile,imile-api
Parcelstars,nice_to_connect,parcelstars,parcelstars-webhook
T-cat,nice_to_connect,t-cat,t-cat-api
Veho,nice_to_connect,veho,"veho-api,veho-webhook"
Jumppoint,nice_to_connect,jumppoint,jumppoint-api
GLS Hungary,nice_to_connect,gls-hun,gls-hun-api
DashLink,nice_to_connect,dashlink,dashlink-webhook
Vesyl,nice_to_connect,vesyl,vesyl-api
Uniuni,nice_to_connect,uniuni,uniuni-webhook
Jitsu,nice_to_connect,jitsu,jitsu-ftp
Concise,must_connect,,"concise-api,concise-webhook"
DB Schenker Iceland,must_connect,,dbschenker-iceland-ftp
Deliverr,must_connect,,deliverr-sftp
DHL Global Forwarding,must_connect,,dhl-global-forwarding-api
First Logistics,must_connect,,first-logistics-api
G.I.G,must_connect,,gwlogis-api
LBC Express,must_connect,,"lbcexpress-api,lbcexpress-ftp"
Magyar Posta,must_connect,,magyar-posta-api
Rixon Logistics,must_connect,,rixonhk-api
99minutos,must_connect,,99minutos
Ader,must_connect,,aderonline
Aras Cargo,must_connect,,araskargo
Barq,must_connect,,barqexp
B&H Worldwide,must_connect,,bh-worldwide
Bomi Group,must_connect,,bomi
CEVA Package,must_connect,,ceva-tracking
Chazki,must_connect,,chazki
Chile Express,must_connect,,chilexpress-webhook
Courant Plus,must_connect,,courant-plus-api
DAO365,must_connect,,dao365
DHL (Reference number),must_connect,,dhl-reference-api
DHL supply chain India,must_connect,,dhl-supplychain-in
Direct Freight Express,must_connect,,directfreight-au-ref
DKSH,must_connect,,dksh
DNJ Express,must_connect,,dnj-express
DSV Futurewave,must_connect,,dsv-reference
DX (B2B),must_connect,,dx-b2b-connum
Elite Express,must_connect,,elite-co
FAN COURIER EXPRESS,must_connect,,fan
Faxe Cargo,must_connect,,faxecargo
Fetchr,must_connect,,fetchr-webhook
Glovo,must_connect,,glovo
Gebrüder Weiss,must_connect,,gw-world
Home Logistics,must_connect,,homelogistics
HSM Global,must_connect,,hsm-global
Ilyang logistics,must_connect,,ilyanglogis
Inexpost,must_connect,,inexpost
Javit,must_connect,,javit
京东物流,must_connect,,jd-express
Livrapide,must_connect,,livrapide
Logysto,must_connect,,logysto
Mail Boxes Etc.,must_connect,,mail-box-etc
Marken,must_connect,,marken
Groupe Mazet,must_connect,,mazet
MNX,must_connect,,mnx
Mondial Relay Spain(Punto Pack),must_connect,,mondialrelay-es
Mondial Relay France,must_connect,,mondialrelay-fr
Moova,must_connect,,moova-webhook
Naqel Express,must_connect,,naqel-express
NTL logistics,must_connect,,ntl
Passport Shipping,must_connect,,passportshipping
Patheon Logistics,must_connect,,patheon
PolarSpeed Inc,must_connect,,polarspeed
Pro Carrier,must_connect,,procarrier
Purolator International,must_connect,,purolator-international
Red je Pakketje,must_connect,,redjepakketje
SHIPA,must_connect,,shipa
Shippie,must_connect,,shippie
"Shippify, Inc",must_connect,,shippify
Teliway SIC Express,must_connect,,sic-teliway
Spectran,must_connect,,spectran
Speedy,must_connect,,speedy
Thijs Logistiek,must_connect,,thijs-nl
Tipsa Reference,must_connect,,tipsa-ref
TNT France Reference,must_connect,,tnt-fr-reference
Tourline Express,must_connect,,tourline-reference
Urgent Cargus,must_connect,,urgent-cargus
VOX SOLUCION EMPRESARIAL SRL,must_connect,,vox
World Courier,must_connect,,worldcourier
WSP Express,must_connect,,wspexpress
Xpedigo,must_connect,,xpedigo
Zeek2Door,must_connect,,"zeek,sfplus-webhook"
Activos24,must_connect,,activos24-api
AFL LOGISTICS,must_connect,,afllog-ftp
Airmee,must_connect,,airmee-webhook
Argents Express Group,must_connect,,argents-webhook
BioCair,must_connect,,biocair-ftp
Budbee,must_connect,,budbee-webhook
City Express,must_connect,,city56-webhook
ClickLink,must_connect,,clicklink-sftp
Corporate Couriers,must_connect,,corporatecouriers-webhook
CryoPDP,must_connect,,cryopdp-ftp
The Custom Companies,must_connect,,customco-api
DB Schenker,must_connect,,dbschenker-api
Designer Transport,must_connect,,designertransport-webhook
DoorDash,must_connect,,doordash-webhook
DPD Switzerland,must_connect,,dpd-ch-sftp
DPD Slovakia,must_connect,,dpd-sk-sftp
East West Courier Pte Ltd,must_connect,,eastwestcourier-ftp
Eurodifarm,must_connect,,edf-ftp
Estes Forwarding Worldwide,must_connect,,efwnow-api
Europacket+,must_connect,,europaket-api
Exelot Ltd.,must_connect,,exelot-ftp
Expeditors API Reference,must_connect,,expeditors-api-ref
fairsenden,must_connect,,fairsenden-api
FitzMark,must_connect,,fitzmark-api
FragilePAK,must_connect,,fragilepak-sftp
GAC,must_connect,,gac-webhook
GEODIS - Distribution & Express,must_connect,,"geodis-api,geodis-sftp"
Gojek,must_connect,,gojek-webhook
Grab,must_connect,,grab-webhook
Hermes UK,must_connect,,hermes-uk-sftp
Inntralog GmbH,must_connect,,inntralog-sftp
Instabox,must_connect,,instabox-webhook
Integra2,must_connect,,integra2-ftp
InTime,must_connect,,intime-ftp
Ivoy,must_connect,,ivoy-webhook
KEX Express,must_connect,,kerry-express-th-webhook
LCT do Brasil,must_connect,,lctbr-api
Locus,must_connect,,locus-webhook
T&W Delivery,must_connect,,loginext-webhook
Mensajeros Urbanos,must_connect,,mensajerosurbanos-api
Naeko Logistics,must_connect,,naeko-ftp
Novofarma,must_connect,,novofarma-webhook
Sequoialog,must_connect,,nowlog-api
Omni Returns,must_connect,,omnirps-webhook
Paack,must_connect,,paack-webhook
Pandago,must_connect,,pandago-api
ParcelPal,must_connect,,parcelpal-webhook
USPS Flats (Pitney Bowes),must_connect,,pb-uspsflats-ftp
Pgeon,must_connect,,pgeon-api
Product Care Services Limited,must_connect,,productcaregroup-sftp
Quickstat Courier LLC,must_connect,,qintl-api
Routific,must_connect,,routific-webhook
SerVIP,must_connect,,servip-webhook
SimpleTire,must_connect,,simpletire-webhook
solistica,must_connect,,solistica-api
SortHub,must_connect,,thenile-webhook
Tonami,must_connect,,tonami-ftp
Uber,must_connect,,uber-webhook
USPS Informed Visibility,must_connect,,"usps-iv-api,usps-webhook"
Value Logistics,must_connect,,value-webhook
Ximex Delivery Express,must_connect,,xde-webhook
D Express,must_connect,,dexpress-webhook
Best Transport,must_connect,,besttransport-sftp
OM LOGISTICS LTD,must_connect,,omlogistics-api
Kiitäjät,must_connect,,logisystems-sftp
Ransa,must_connect,,ransa-webhook
Tamer Logistics,must_connect,,tamergroup-webhook
AIT,must_connect,,"aitworldwide-api,aitworldwide-sftp"
Teleport,must_connect,,teleport-webhook
Snt Global Etrax,must_connect,,sntglobal-api
網家速配股份有限公司,must_connect,,pchome-api
DHL GLOBAL FORWARDING PANAMÁ,must_connect,,dhl-pa-api
DHL Global Forwarding Guatemala,must_connect,,dhl-gt-api
Kerry Express TaiWan,must_connect,,kerry-express-tw-api
mySendle,must_connect,,mysendle-api
Chienventure,must_connect,,chienventure-webhook
Papa,must_connect,,papa-webhook
IB Venture,must_connect,,ibventure-webhook
Secretlab,must_connect,,secretlab-webhook
Mothership,must_connect,,mothership-api
Starlinks Global,must_connect,,starlinks-api
Zuellig Pharma Korea,must_connect,,zuelligpharma-sftp
"WOO YOUNG LOGISTICS CO.,LTD.",must_connect,,wooyoung-logistics-sftp
PHSE,must_connect,,phse-api
J&T Express Singapore,must_connect,,jtexpress-sg-api
Roche Internal Courier,must_connect,,roche-internal-sftp
DHL IE,must_connect,,dhl-ie-sftp
ANC / Fleets Flyers PTY LTD,must_connect,,ancdelivers-sftp
Arrow,must_connect,,arrow-api
Team Global Express,must_connect,,team-global-express-webhook
C Chez Vous,must_connect,,cchezvous-sftp
Rendr,must_connect,,rendr-webhook
Kiwi Express Couriers,must_connect,,kiwi-express-webhook
Zoom2U,must_connect,,zoom2u-webhook
trans-o-flex Express GmbH & Co. KGaA,must_connect,,trans-o-flex-sftp
Fliway,must_connect,,"fliway-api,fliway-sftp"
Stop Start Transport Ltd,must_connect,,stop-start-api
Fukuyama,must_connect,,fukuyama-sftp
SIGNIA LOGISTICS S.A.C.,must_connect,,signia-ftp
SIGNIA LOGISTICS S.A.C.,must_connect,,signialogistics-sftp
Borderless 360,must_connect,,borderless360-webhook
Mobile Tyre Shop,must_connect,,mobiletyreshop-webhook
Bleckmann,must_connect,,bleckmann-sftp
M24 Logistics,must_connect,,m24logistics-webhook
XPO Last Mile France,must_connect,,"xpo-fr-api,xpo-fr-ftp"
Boxcheck,must_connect,,"boxcheck-api,boxcheck-webhook"
5Stringsolutions,must_connect,,shipstoresoftware-webhook
Cargo Partner,must_connect,,cargopartner-api
On Way,must_connect,,onway-webhook
Flash Express PH,must_connect,,flashexpress-ph-api
Geodis MyParcel,must_connect,,geodis-usa-api
Skelton,must_connect,,skelton-sftp
chronodiali,must_connect,,chronodiali-webhook
Alpha Freight,must_connect,,alphafreight-webhook
Ekol Lojistik,must_connect,,ekol-api
Courier Network Inc,must_connect,,cnwglobal-api
"Returnmates, Inc.",must_connect,,returnmates-webhook
Pandago,must_connect,,pandago-ph-api
TASCO BERHAD,must_connect,,tasco-my-webhook
DSV,must_connect,,dsv-za-sftp
Porter Express,must_connect,,porterex-webhook
Fastway Australia,must_connect,,aramex-au-api
UNITED CALIFORNIA FREIGHT SOLUTIONS,must_connect,,ucfs-api
Toshi,must_connect,,toshi-webhook
BTX GLOBAL LOGISTICS,must_connect,,btxglobal-ftp
NTI Logistics,must_connect,,ntilogistics-ftp
Sassy,must_connect,,sassy-api
P2P Delivery Ltd,must_connect,,p2p-delivery-api
Parcel Delivery Network,must_connect,,portless-api
Parcel Delivery Network,must_connect,,pdn-api
e-courier (MDS),must_connect,,e-courier-webhook
HTDK (Shanghai),must_connect,,htdkgroup-webhook
Parca Logistics,must_connect,,"parcalogistics-api,parcalogistics-webhook"
RXO,must_connect,,rxo-api
DSV UAE,must_connect,,dsv-are-webhook
Lalamove Plus,must_connect,,lalamove-plus-api
CKB,must_connect,,ckb-webhook
TVS Supply Chain Solutions,must_connect,,tvsscs-webhook
META,must_connect,,metabrasil-webhook
Deliveright,must_connect,,deliveright-webhook
SPFly Logística,must_connect,,spflylogistica-webhook
YAMATO Logistics (HK) LTD,must_connect,,yamato-tw-api
JAMEF,must_connect,,jamef-web
transligue,must_connect,,transligue-web
TNT Brasil,must_connect,,tntbrasil-web
BrasPress,must_connect,,braspress-web
Bomi Group,must_connect,,bomi-br-api
Albatros Logistics,must_connect,,albatroslogistic-api
Coll-8,must_connect,,coll-8-sftp
Bomi,must_connect,,bomi-co-api
Bomi,must_connect,,bomi-ec-api
Bomi,must_connect,,bomi-cl-api
Comboyne Group,must_connect,,comboynegroup-webhook
Cathedis,must_connect,,cathedis-api
DTW,must_connect,,dtw-ftp
QLS,must_connect,,qls-ftp
Jungle Express,must_connect,,radaro-webhook
Ocasa,must_connect,,ocasa-ftp
LYNDEN,must_connect,,lynden-sftp
TNT France,must_connect,,tnt-fr-reference-international-api
FNAC DARTY,must_connect,,fnacdarty-sftp
Total Media,must_connect,,totalmedia-api
GLS France,must_connect,,gls-fr-ftp
AC Logistics,must_connect,,aclogistics-mx-webhook
Essers,must_connect,,essers-api
Seabourne Logistics,must_connect,,seabourne-api
Apple Express,must_connect,,apple-express-webhook
Rangel,must_connect,,rangel-api
JAS,must_connect,,jas-webhook
Yamato Japan,must_connect,,yamato-jp-api
dhl,must_connect,,dhl-chile-sftp
Moran Transportation Corporation,must_connect,,moran-api
DHL,must_connect,,mydhl-api
Zadbano,must_connect,,zadbano-webhook
DSV,must_connect,,dsv-slovakia-sftp
J&T Express,must_connect,,jtexpress-br-api
Lagermax,must_connect,,lagermax-sftp
Ameriship,must_connect,,ameriship-api
KLG Europe Venlo BV,must_connect,,klg-sftp
Frontierscs,must_connect,,frontier-api